yearmon,0101,0103,0104,0105,0206,0207,0208,0209,0210,0211,0312,0313,0314,0316,0328,0415,0417,0418,0419,0420,0421,0427,0522,0523
2017-01-01,14405.894426744,8845.835003614999,12588.070016481,4974.505965798,6656.443521084999,4083.693550373,4491.742390656999,7982.071957173,9075.704947682,966.237986197,12197.361718712002,8925.692441066,11540.503665569,7382.237275037,4565.772286295,4569.733939503,6600.217542226999,3617.954801244,7164.084341391999,2045.96927672,-7.1163886199999995,2413.519539082,12312.45956078,7212.303735498
2017-02-01,13722.216894325999,7749.675051946,12469.317484057,4558.575718808,5892.882470166001,3623.412266046,3910.6489935920004,7050.892632827001,8178.520117081,865.463637062,11502.141632276001,8435.678811105,10899.356792079,4203.05091276,4434.510980018,4162.0706326810005,7156.389626079,3282.842774092,6587.514473502,1903.422064539,0.5187037819999999,2107.329493316,5038.494932398,5913.224145592
2017-03-01,16100.562092396001,9943.594417866,17001.372548163003,5479.452364770001,6437.542163185999,4228.730737777,3704.0590337909994,8045.303441163001,9696.273988388002,989.880936345,12213.744954543,10190.380258825999,12276.321663982,5425.726952777,5123.822398572001,4732.774148353001,9809.573452212,3528.368609066,7199.727863046,2139.556447513,0.45365662000000007,2482.3481878000002,2247.13913262,6012.276136482
2017-04-01,14539.699905654,8205.914559778,14689.081508822,4672.234900378,5678.708620671,4211.366753877,3427.3433433619994,7869.916045785,8713.192907023,799.697945124,10580.926251664,9330.344249781,10949.473442516,7387.675291433,4539.353191559,4693.973411731,7733.4737254110005,3047.6806000969996,6989.963632233999,1817.396839262,178.960963406,2111.1831427419997,1401.814054073,5301.934911127
2017-05-01,13534.398736413003,8357.444555747,16108.595019519,4779.257224649999,5681.98295513,4089.192049404,3480.191675476,8269.350923565,9815.438986795998,960.47817384,9588.620688194002,10116.752181461998,10490.170396974001,13103.923455311999,4487.056064424999,4659.549009703001,7414.992608366,2897.6206956539995,7334.324972672,1721.0124756740001,0.7402087749999999,1857.948525231,1255.831702935,4810.179013086
2017-06-01,11736.810613602,7328.103803910999,12245.908667380001,4075.5942945089996,5256.266816376,4027.935213156,3465.471797253,7984.290614652,8956.196810054,1033.372618937,8654.825971625,9573.615236107,9498.972998256,14569.948656948001,4214.245565722,4434.554280375,6333.7532171600005,2781.0682423449994,7080.357253202999,1671.5191029850002,1.5986137480000002,1719.01703951,1101.3193107089999,3980.3467220390003
2017-07-01,11922.816285509,7771.081306269999,12189.313399835,4328.359902566999,5585.918200908,4127.839196545,3786.2781484939997,7699.955128578,8644.715256256,1068.763949138,9237.189817702001,9806.785505008,10056.208409359,8309.051366685,4324.013086322,5275.322860794,7114.677980898,2855.7481422469996,7202.215595716,1668.1972650720002,1.033626145,1888.7726931409998,1397.782393725,4429.823121265
2017-08-01,12278.465142992,9007.383046164,12352.210855731,4899.666799664,5466.603028159,3986.106006032,3322.926257931,7535.099199943001,8466.826743152,888.769387244,9891.460371493999,9625.01486275,10516.395975067,6552.020579199001,4211.206593895,4539.367397392,6661.913623009001,2764.4319348379995,6260.194504548,1539.637172489,61.789905942,1794.384345159,2491.7586022839996,4783.112186509999
2017-09-01,12063.154302239998,7951.492968674999,11437.525412479,4535.5736882030005,5271.380720827001,3694.039308625,3308.6832581470007,6986.657456409001,7486.5811336199995,859.402241718,10391.915815313001,8140.428438871,9618.942516882002,4583.091089920999,3630.947354654,4119.02627173,5847.394478308999,2902.779661486,6067.318083279,1520.8946334159998,229.875945751,1702.9460772850002,5309.40242328,6061.997840399001
2017-10-01,14643.53536521,8853.802350692,12968.289700315001,5864.2352317449995,6295.282813666,3986.1224064969997,3336.886802972,8031.267691059,8673.688781441,850.452247514,12397.157386792,9114.75257531,12128.122093958,5344.94002458,4293.609325515,4456.928378818,6839.327720184,2837.361029369,6520.437090148,1652.189589236,523.5935481500001,1965.4695709339999,5726.31605254,8074.9657074940005
2017-11-01,15324.093827510998,8970.797912038,13068.649957038,6136.410259906,6452.313123975,4205.9265681940005,3097.882120401,8248.9842067,8751.178455776,967.344608288,13430.928955886,9001.371825799999,12612.256420078002,5916.105166801,4514.21861246,4196.5070244280005,7638.73984793,2557.449744161,6261.461177143,1588.42950742,4580.875819917999,1964.086174227,8378.610098486,8461.527278679001
2017-12-01,14002.810875863,9904.069224011,12758.220095551,5793.389748494,6442.388975339,4950.082200123001,3701.192751499,7896.180730039,8319.42168815,1102.264209883,13974.705778714002,8289.411577204,11700.455978959999,6534.32908487,4634.772174008,4631.692777519001,6916.82681128,3788.005423362,7300.165949609,1747.552392334,3613.242116115,2208.553919184,13665.497696211998,8156.296859111
2018-01-01,16567.354521579,9867.966364151001,13502.15970058,5903.300131628001,6750.735394389,4319.408413282999,4238.834805135,7987.374319346,9398.962268557001,863.972970314,14004.319122121,9354.475129556002,12601.356884256,6198.246099579999,4928.627106653,4464.561767048,7193.284502755,3536.636482729,7453.260523596,1977.600504361,1.5689389779999998,2573.246883553,11536.047740837,7398.961387657
2018-02-01,15255.131927074,9443.679832829,13818.251388897,5399.4934757599995,5989.4244262600005,4044.245304895,3850.379221053,7427.512803846,8383.433517540001,846.779155515,12935.093982876,8539.357805517,12319.208867461999,5718.152950634,4508.67284336,4149.448165541,7516.804946685,3388.368167933,7023.670178782,1881.9269794020001,1.436693103,2256.9806408649997,5802.261801492999,6274.388843512
2018-03-01,17163.466266892,10835.017097345,17165.636009528003,5690.971650152,6362.3218567290005,4410.741842273,3622.960122973,8061.160165387001,9712.037190047,833.6516651840001,13136.013604714,10187.428840896,12605.535560107,7648.99912107,5133.361632226,4712.278034528,10893.009452446,3677.503150678,8051.231906557,2056.1545158549998,1.4322963909999997,2625.241592477,2264.788011253,6338.506851230999
2018-04-01,17006.444262323,9758.46951194,16372.741655395,5442.919638322,6087.003295998999,4379.567916054,3439.711070858,7717.1723488590005,9349.367365070999,786.373667599,11709.338542457002,9555.551404077001,11985.265195171,9784.8096455,4843.850792366001,4587.930178548,8903.877784854,3108.0091088839995,7406.567047885999,1898.7020613390002,1.093563069,2248.574490617,1457.9527385909998,5722.989063094001
2018-05-01,15417.222547796,9932.407769101,15385.624138705001,5128.296415384,5925.861813359,4295.541468245,3443.5929114500004,8161.422311722001,9453.049865047999,825.617100014,10796.261833765,10393.797453543,11576.580274482001,12953.5780502,4809.893023242999,4662.181426092001,9126.869645209,2938.5307490129994,7835.0347223829995,1776.4483663770002,1.689571066,2018.49386954,1659.564347996,5601.627465705
2018-06-01,13521.450606504999,9352.716125288,15078.648686235001,4552.1192631680005,5828.939633578,4340.313695261001,3345.2056209730004,8200.553611072,9412.187966193,725.1949916359999,9620.776737078,10197.077226447,10306.503596543,14693.879227239999,4433.643686872,4581.549526738,6975.247289111,2777.3730982990005,7440.0685382970005,1728.874016686,1.396493007,1790.300761107,1247.624174088,4355.484161308999
2018-07-01,12877.827606722998,8800.038174367,12800.499652781,4483.570545011,5721.844140819999,4190.616499977999,3296.715497279,7247.9057962159995,8684.842747348,746.337589708,9927.994318199999,10446.512908193,10602.279290317,8648.884025872,4275.278072833999,5259.942379552,7456.997381876,2897.025153917,7538.065716807,1850.1437246090002,2.625768817,2033.536163297,1316.859519402,4593.011626399
2018-08-01,13854.889229858,9244.255483227,13062.348913163998,5219.004292109,6093.759412516,4073.4570791969995,3015.0242078290003,7518.0415539000005,8545.966329899,733.532234079,11075.834037073,10206.061275312,11605.287310482001,6652.167161382,4406.567610454001,4503.776624027,7489.197227476001,2888.9836097930006,6373.5662839120005,1682.9858109400002,64.22342327999999,2019.331001259,2509.9820772450003,5234.4724123159995
2018-09-01,12237.921760576999,9174.294771648001,11189.892748632,4608.712399936,5491.930346468,3670.034295385,3083.67827265,6850.062847248,7608.551293195999,750.538431212,11125.404039069,8717.139933135,9866.001030667001,4092.764267433,3872.4372656979995,4198.523484165999,6774.094153056,3137.0105635580003,6561.640757678,1688.20529897,225.899361236,1995.9138693989999,6010.133508508001,6371.958736597
2018-10-01,15375.674134764,11244.119660874,13538.014460145001,5787.875866316,6583.5505104349995,4157.223051411001,3096.885314077,8835.649217217,8711.194756069,924.500536357,13004.558390136,9729.522792284999,12148.391388912001,4982.513002695,4474.905377518,4186.604455172999,8057.612753429,2807.413087488,6450.442919509,1719.1705213139999,161.931962114,2008.5324468350002,5738.723661959,7928.5034826579995
2018-11-01,14928.989511067,11448.874754737999,13266.423557118002,5640.357193711,6543.539126967,4368.333745541,2898.82087887,8144.397912037,8718.691994652,703.779135903,13664.631980126002,8832.649786696998,11829.098629229,5086.098167392999,4470.525491699,4038.857078736,6730.434802194,2594.037063669,6279.48719733,1672.07666785,4070.8407214349995,2056.081605793,7243.604309217,8108.532932548001
2018-12-01,14242.745556881999,10232.989316789999,13238.108488917002,5465.904964339001,6735.861464670001,5098.652608237,3408.3497115500004,7657.323328795,8376.199077413,892.350791233,13983.350450814,8618.343980749,11319.668905715,7010.174954223,4609.784485817,4457.856457283001,6900.203929888,3797.231692689,7276.540904339,1855.870348187,4849.172545967001,2392.898044774,12911.395035693,8303.311398041
2019-01-01,15692.289538054,11630.80682243,14306.532763715,5805.875744059001,6978.549193639,4245.0926119509995,3866.121525277,7752.2559059489995,9072.449145462,761.534564364,13923.342633845,9228.671307092001,11993.173821469,6812.109953984001,4872.732049621,4098.420055708,7270.49092039,3094.141949018,6955.7994252729995,1926.4543215600002,2.1134476189999996,2638.8282090630005,12194.207817306,7204.832976248
2019-02-01,14483.185685436001,10413.587735242001,14629.000914196,5318.8867814899995,6068.65696849,3924.8303822639996,3594.662028262,7604.304892264,8323.040009476,736.2619801609999,12872.01776384,8551.945237757,11233.833701452002,5717.726429693999,4466.829074434,4000.369217182,7919.9453890859995,3068.206796401,6922.99473449,1918.303672089,4.234548,2365.3910820990004,7080.420312218999,6377.086725356001
2019-03-01,16771.990467387,11295.357637137002,17265.163075148997,5680.177675889,6574.6347224149995,4365.6688151220005,3590.351638263,8392.660078990999,10019.135838375,885.837660772,13490.181347922,10408.451053670002,12051.573341501999,8407.283553425,4948.447802036,4751.19774031,11317.661277524,3786.1417362139996,8254.219821621999,2153.0027826269998,4.868226065,2821.7562957580003,3135.8086024680006,6694.817680302001
2019-04-01,15345.502109885,10654.471472247998,16678.9730851,5258.086527999,5867.321602984,4040.323151989,3057.258723435,8129.6782369150005,8926.7050035,760.7154657179999,11566.955322048,9478.851119595,10731.139306265,8967.038210133,4614.409904329999,4204.057442481,7781.271754226001,2775.402976862,6762.62868006,1772.672978228,3.074304,2086.870295091,1806.2055890440001,5297.055715388
2019-05-01,14040.185942743,9947.539327857,16965.078767644998,4926.727506215,5850.960508191,4339.006084512,3382.0534883630003,9161.468262,9344.476521553,869.4249661990001,10726.428007650999,10483.901318941,11566.200507474,13890.61827776,4535.75088367,4845.2326294350005,9886.804420836,3134.6684149260004,7837.39296401,1722.279559021,4.333820461999999,2217.372559082,2436.000069543,5571.508316332999
2019-06-01,12107.134309946001,8714.453754424,13493.752142331,4253.372276183,5561.695242541,4271.439209667999,3355.079961314,7730.7839963569995,9298.136674948,765.649960481,9587.562026972,10110.880468435,10207.933648654,12179.262450642,4180.8016763880005,4451.115178652,6404.873136164,2862.774873149,7209.494973021001,1659.816944179,3.567198361,1941.702653085,1537.99575101,4465.158131522
2019-07-01,12442.877433258001,9326.258573776,12459.582185359002,4568.801463782,5925.834351509001,4162.563951884001,3372.868811386,7059.369999566001,8879.29514391,776.083713018,10076.770934886,10950.021925028,10729.047380741,9676.289706825999,4254.181897614,4268.587786232,6828.834338838,2682.1730129449998,6897.695494687,1629.04457824,4.291820779,1956.5015956959996,1628.7005968679998,4365.08544664
2019-08-01,13174.661133251,10049.787459201,11892.782704016,4962.432917372,6156.4110610160005,4195.807544516,3156.382164322,7768.420248329,8575.957104637,773.317907008,11224.392124069002,10462.128136349998,11245.816402123,7366.464271837,4344.283214586,4235.2159036640005,7248.216096558,2720.673882735,6657.597344272,1598.7149157899998,93.795698435,1998.067262102,3050.631692277,5653.465700096
2019-09-01,11760.784801982,8166.373999691,10402.596481878001,4338.157806104,5540.1405832909995,3789.1964748059995,3125.087565697,6971.518800699,7691.743981764,725.197027762,10893.173647833,8704.696746159001,9670.47755336,4996.745891828,3649.4637596350003,3799.6283707039997,5905.954268330001,2776.7290030569993,5996.021919081,1552.8613957369998,295.811658723,1917.8514333209998,5533.132603968,6479.798352007
2019-10-01,12268.708568841002,8972.094290981999,10620.712548271,4545.168463266,5466.181566805,3321.224022921,2366.0645537580003,7506.151384361001,7202.561972903,752.236393083,10455.321801545002,7949.054250241999,10219.476385453,5835.16969935,3744.2079658380003,3120.164689965,6296.473055713,1979.989674602,4716.618295191,1394.2211916360002,652.1818818190002,1622.261934921,5088.562285343,6453.187375478
2019-11-01,13043.133498573,9824.875307393,11581.219985266,4719.972744203,5744.689792801001,3560.928551668,2621.5021062779997,6798.587572414999,7863.129602346,649.4275722020001,11730.527258697,7862.52225788,10410.206999194,6372.17655223,3852.645859364,3227.854329127,4888.137105558,2213.314886945,5322.5898842999995,1590.463603318,3925.939574595,1783.131420912,7072.8075997549995,7398.803119001001
2019-12-01,13269.349885108002,9611.245762178,12180.154699768,4787.869844727999,6028.183654236,4668.716556093,3236.1316320320007,7390.156439055,8143.675771666,904.166941066,12842.756438172,8389.406745299999,10996.885848012,8069.0379288350005,4059.8987118299997,3980.284214338,6200.707312937,3459.1719401339997,6542.729504809,1855.118919668,4647.243138057001,2098.632366463,13969.752986771999,8120.455786936
2020-01-01,15198.955780129,10622.705993788,13311.972966046998,5378.879571152001,6402.415676490001,4000.2712104119996,3856.380503543,7786.523671331,8952.407392349998,769.613748151,13432.886743114,9394.305849659,12192.573222722,7190.133770524,4318.867546362,3805.2310865510003,6855.237347794,2965.2920597320003,6578.126160695,2081.4986377660002,9.451620679,2405.14825368,12306.79956671,7478.669308444999
2020-02-01,14839.522293487,9877.160168264001,13403.242895227999,4873.652911770001,5898.767062581,3869.543447492,3793.633854883,7640.126486847,8961.879975554,824.521991831,13309.115262428002,9486.34625223,12408.774930188001,5592.615235184,4371.790538736,3827.657642478,7029.37404466,2932.8544694429997,6895.496205793,2137.651550269,6.723212096999999,2287.6308969689994,6589.401350382999,6785.5744792059995
2020-03-01,13738.363603198,9754.536646663,13539.237228864002,4308.044213161,5000.854676280999,3380.759334796,2484.8767913939996,6610.685785745,7910.649105276,833.78894959,10981.020044130999,8343.051725721,10295.8878646,6540.664436464,4140.298729323,2967.921437762,7531.008589110001,2178.5981468420005,5217.532026192001,2292.673643668,7.035173782,1926.232320702,2247.827037648,5297.70443961
2020-04-01,10815.591153879,6985.664864418,11353.632890207999,3135.367696266,3607.800143041,2624.4377538530002,1550.2430295320003,5615.946524926,7202.294045088,716.803815732,8446.387218438002,6962.241709037,7871.118058175,7453.694032502999,3255.2115002570004,2534.8312557699996,6743.110955039999,1648.992647573,4297.232586470001,1709.1913246699999,7.090324823,1491.93491189,1281.361715496,4280.830736736999
2020-05-01,12519.047615247,7044.970264443,12589.488638277,3207.723597156,4128.155184249,3336.0949785229996,2090.155180077,7718.069503932,7581.2594712459995,820.62216098,8814.715419151,8394.215953281,9125.715390723,11928.060070723,3404.953136903,3423.6297546630003,7664.56835007,2337.4592767970003,5659.982482277,1955.5195184140002,9.469496308,1717.795271694,1331.929540359,4718.544999064
2020-06-01,11403.859455581001,6672.262992090999,11721.589387130998,2711.816836448,4191.320760144,3514.2733961229997,2602.578011517,8164.36049894,8207.302421282,855.3942611260001,7931.157045585001,8757.111211883,8416.736218913,15083.205579911999,3320.4626741509996,3511.9839910729997,6388.663729499,2469.032147113,5669.793948038,2036.443449737,11.138700598,1544.983847448,1259.661057321,3964.7947703099994
2020-07-01,13160.071564206999,7289.712437007,13218.621740649,3298.390660107,4614.564987131001,3950.47429637,3023.491156178,7931.592755131,7601.744872837,782.152501068,9768.156965974,10395.653883715,9937.365693006,10690.510390258001,3680.149124384,4137.020336353,6416.871401145,3001.1260036539998,6610.942476724999,2114.995291507,11.248751673,1823.19493694,1446.3950095169998,4514.638350683
2020-08-01,20298.186088219,9203.024711722,16849.224609511,4441.511061823001,5868.955252216,5180.392836673,4198.2016113790005,15584.496290188,10569.142821748,1530.8721475070001,14597.35944121,15942.134371357002,18601.811793826997,14677.573232587,6125.262054035,6123.7485171379985,13321.376908078,5274.897175241999,11549.373412260999,2721.666891899,110.375088279,2932.5825964500004,5326.024002479,7522.414735509999
2020-09-01,18541.900056874998,9557.233773791002,15993.471942175,4684.573562925,5831.091533069999,4895.303109186,3652.2474608539997,12749.894128932,9979.96678611,1255.576860309,14750.361181279,12168.748599232002,15734.037466380001,7769.9150987640005,5492.473562900001,5530.919175028999,10011.287775362001,4640.633340176,9785.174406083,2583.7009837440005,294.988416556,2847.108325529,9027.484046548,8437.594153544
2020-10-01,21408.653604705,12200.465267715,17423.766074734,5513.374406968001,6932.893657625999,5554.999913297,3828.955341473,12059.482368068002,11327.940095743,917.1053765139999,16793.694310746,12124.576221109,16230.395465112999,6807.078899335999,5918.557844995999,5449.392005477,6968.894619639,4281.275966738,8490.514260445,2646.997974444,1195.469230452,2886.752338219,8309.848868891,9880.318225817
2020-11-01,20622.994500598,12371.550851202,17233.980902260002,5800.543713931,7263.782719031,5858.958694323,3626.84205353,12040.00042604,11182.031507304,1356.8009939679998,17531.368620278998,11336.927249534,14399.87883846,8540.402849864,6171.8313037200005,5256.985268775001,8252.669612608,3991.400623168,8366.461666312,2653.274291959,5933.052269645001,2939.651308899,11074.420902948,10185.509216269002
2020-12-01,18685.952818071997,12023.798546957001,17976.505087119,5086.506681909,6997.872271761001,6366.0876234570005,3856.3940355080003,10763.840978112,10563.647586532,1352.119434832,16404.99379661,10999.815461934,11879.555288074,9607.834894916,6214.255298942,5355.474560641001,7894.582616101999,5033.245876419,9194.684757714998,2753.732902521,2396.246288928,3126.233883855,15340.047268555,9667.050579849
2021-01-01,21383.490168307002,12182.710480841,18470.336785595002,5349.02008069,7661.921720578999,5925.537140933,4236.491876321,11766.468364284,11749.795135110999,1120.750860496,16712.4617294,12618.021825585,13634.706905594,9871.232094969,6496.390462906999,5401.284857411999,8276.748019999,4751.440689870001,9841.116945846,3064.906428944,10.064147458999997,3788.750104983,9181.88205541,9940.256599473
2021-02-01,21441.825689453002,12675.024422132,19738.847349639997,5106.253489381,6862.177599662,5587.732291302,3744.632796672,11713.700108509998,10958.764245942,1086.9885210710002,16150.760080836,11119.055105631001,13525.938851792,8476.392482203,6199.729106215999,5415.071921464,8352.318785945,4508.817550101,9255.329140805,2856.785113366,11.457483672,3226.580950162,4382.668443482,8333.84961006
2021-03-01,24827.178227126,16286.560478513997,25330.735293379003,5629.434734204,6942.031435117001,5697.291615040001,3293.3681398330004,12234.031978654999,11296.790315753,1367.5281410240002,15832.171815139,11362.901296819002,13879.700312454,11720.356840728,6619.126710439999,5254.496383275,12890.112340609,3802.0235553640005,8686.646469422,2956.504901472,8.046254796,3092.103776447,2499.626084172,7611.153515272001
2021-04-01,22051.803764145,15617.544119399,25927.188810748998,4732.892325156001,6268.733145491,5513.386280724999,3032.4728772060002,12494.193474958998,9957.179963144,1098.4678225490002,13615.727911500002,12051.64828889,12938.105241157,16273.321468696999,6496.802443623,5355.25163195,12006.499624212998,3820.757178266,7056.107093478001,2714.874165437,9.589020896,2698.549470426,1634.8853358210001,6408.735365189
2021-05-01,24913.286998469997,14900.335038914,26497.450300134,4750.930540117,7197.184526704,6934.819636603999,4722.0600788149995,18373.645757216003,12655.759183056,1766.385807788,15528.889079378001,17093.044585811,17249.724680014,26902.831920324,8290.395197294001,7692.880361366,16114.429927184001,6716.811744061,12738.193317165002,3600.413357254,10.031598082,3864.058630769,3001.0904734230003,9293.112887465999
2021-06-01,22649.712082714996,15565.116812233,21967.25224522,4689.660273653001,7477.165826143,7173.172980354,4771.367008517,17508.065706322,12911.652612588998,1627.591972952,14684.687283369,16048.361185991,15452.172596691,20515.185233164997,7354.201473714,6930.854955762999,12719.271572954998,5821.721937692,11901.617408827,3629.9813923409997,3.276888777,3607.7939336209997,2820.321556994,7846.218547883999
2021-07-01,24381.944507300002,17229.319715838,22058.183923491,5122.156177831001,8251.026939789,7414.257177994001,4889.863152943,13680.612013243,13801.977828134002,1262.3012154179999,15347.937605117999,17144.628248060002,15275.820214603,14208.99719795,7680.971260647,6491.307932416,9682.249255266,5687.504222244999,11839.113605921999,3601.636990334,16.955530898000003,3598.5470843890002,2655.2350298809997,7409.522856948
2021-08-01,25221.298287191003,17919.028347228003,24296.587236701,5566.950708132001,8285.223685383999,7481.4709590289995,4464.959223545,15609.240712040999,13815.390023372001,1450.315880689,15996.625543503,15907.417579752,15879.225286068999,13394.134334111,7693.5190340730005,6219.189163264,11988.32118327,5646.734689529,11062.07401923,3630.768427791,159.103533031,3584.275837034,5408.9426429079995,8189.53029847
2021-09-01,24228.838526961998,17945.76892119,20884.603822974997,5462.7091198299995,7589.166834879,6884.357671330999,4194.708016569999,13528.778177166,12428.959459827,1405.5987231769998,16014.584635403,13621.239583647,14109.220248437001,11014.691827880999,7028.769347027999,5217.4704559110005,9281.006899728001,5017.581133979,9481.015180031,3131.2003317910003,302.91877826099994,3175.845965364,7230.033932660001,9439.061365528001
2021-10-01,27913.734324947,20158.20049587,22181.951508271,6254.298464172,8640.161026477,7500.818994824001,4847.813695899,17778.320984361,13579.366663677001,1853.407719633,19019.073156734,15329.996602838,17204.179940821,14702.237931738999,8057.32521227,5884.584396807,12331.514932276,4881.834958554,9367.019961198997,3419.2128609419997,750.3899105209999,3647.182181302,8041.836971450999,13282.924187963998
2021-11-01,28364.344131705,20413.422316672997,23209.888533073998,6511.260191224,8542.927036523,7490.538570469999,4347.952426653,15131.577583397999,13207.482644974,1818.407306055,19921.94060905,13841.294986765999,17920.037062729,11316.023610872,8090.194872589,5656.783574100999,9679.823017895,4411.69017001,8738.837352653,3144.1773694310004,8139.766937914,3476.683695669,12518.988320627,12336.703119945001
2021-12-01,24455.471577245004,18916.201158618,21511.346599025,6103.3872317469995,8739.391565471,8055.676432618001,4324.752215908,13437.042747569003,12272.715936996,1890.805374731,18542.859400694004,12873.013516413,16034.933767859,11594.319410642001,7455.6389088020005,5772.945979288999,8639.676202300001,5329.330032806,8682.959840095999,3025.658242626,3435.051738433,3281.688617398,22060.244721502,11398.309599524
2022-01-01,27336.692216388,18545.95675513,25260.672747511,6519.514016168,9451.327056134,7667.755209428,5357.45359792,12574.778031537999,13591.511647013,1455.110595276,18885.534752144005,14645.79662709,17979.038049794002,11606.209250213,7859.492028154,5726.922360654001,9227.661462378,5061.615466739,9256.791719467,3395.7107127449995,8.534176045999999,3935.686238925,14988.736550982998,11444.918738474
2022-02-01,24229.53139791,15883.7973478,23979.181030243002,5857.883083114,8150.948012176999,6728.950127143,4298.066574888,11357.94442426,12218.691317746,1237.283122046,17964.782519684006,13141.287702407999,16881.185651055,9063.487955179,7212.768199682,5256.162834419,8820.682748683,4686.501311732,8574.724363584,2991.247862711,5.359066400000001,3297.927642413,7320.806761551999,9214.961439762
2022-03-01,27699.501522906998,18789.980409544998,27434.552257979,6779.101952263,8673.37993597,7551.809780638,4188.090338579,13328.375750285002,14649.579360597001,1234.056258659,18710.761671174,14797.057920887,18845.610434099,12091.869754211,8262.899563485,5830.0593862450005,11958.197003861002,5195.126405578,9085.417311293,3392.4889908220002,5.870612766,3569.422619388,3632.110558946,9446.954418905001
2022-04-01,24589.24388232,17450.416145857005,24580.97107572,5623.980263304,7897.628500418,7119.441989661,4001.587984638,12157.075662827001,13315.655529515001,1280.4646729,16078.346351474,13868.267636241,16173.645846983,15521.629819492,7468.703438709,5608.156409041,10131.140081409,4301.516730975,8458.332022923,3019.164788931,4.529629538,2841.0233998930003,2638.653175464,8066.516532533999
2022-05-01,23800.402799423,16730.076059292,24889.66479104,6153.500829606999,7969.268306425,7166.900507960001,3968.8565982520004,13472.507782636001,13257.065084411,1287.884332565,15540.352896590999,15617.005550493,16616.903064297,20430.364553309002,7713.949298166999,6054.299013422999,9542.58668465,4074.977387988,8198.794411252,2991.3886462760006,4.092944222,2725.8751437250003,2972.778224598,7880.6655313619995
2022-06-01,19483.203453667003,14164.186796242,21364.16802909,4945.106773676001,7666.12429726,7030.678381220001,3856.0560508790004,11855.553052075998,12265.005629132,1136.6848624519998,14166.28426132,15302.720236525998,15188.936394972001,17652.994172712002,6732.147691330999,5650.843496292,6915.2569320190005,3807.8092596209995,7858.327609448999,2750.528181872,3.386639018,2404.7949350699996,2550.285506023,6660.198481716001
2022-07-01,18025.087676182997,13510.097152925999,19117.512959527998,4799.6092686659995,7487.136885896,6795.552434448001,4051.3278557149997,11344.545855507,12151.886030132,1222.640221783,14658.246731004001,15021.271037417999,14603.57953883,12950.400042722998,6366.629367452,5594.465030974,6267.531835551,3894.1628124010003,7942.623679064,2817.2062389969997,15.014602449,2416.175951136,2551.9254890519996,6698.972529398
2022-08-01,19056.989016017,13738.269015431,18215.19440245,5948.01565716,7725.307763989999,6513.416162968,3556.548315265,10342.874712304,12058.899542116998,1086.140160481,16046.164727825,13588.249490644,14617.470116430999,8588.36763604,6196.44513498,4980.841377592001,5695.7712091329995,3819.3233073980005,6660.838794056,2532.777252853,239.493435989,2293.828249565,5344.498929645,7210.414611641
2022-09-01,15697.120245701,11358.935226309999,14974.680026828,5456.512834772001,6879.474602585,5402.592783793,3155.3686541049997,8183.023133071,10117.73638288,973.9359316079999,15213.990652598,11216.094686399,12483.690938318,6692.99929369,5308.062173959001,4317.917260046,4900.507492336,3397.389351222,5938.679178587001,2260.148526771,384.591743974,1967.35542241,7596.030045739,8056.025585585
2022-10-01,17797.156826439,12574.944408844,17578.210057721,6083.879165738999,8106.657261242999,6189.998591496001,3784.171392168,11874.709932942998,11649.034261801997,1404.496021287,18382.574972031,13279.287442721,16120.964703427999,9473.503483934,5954.088131955,4910.101720527,7515.306803751,3746.700725885,7037.729148743001,2623.6473930740003,1113.1397282290002,2509.0599660400003,11007.284668544002,11653.253627885002
2022-11-01,17638.703608559998,12139.204514999,17450.313952860004,6146.939986364,7671.459271014,6036.5796878109995,3116.4433065749995,9472.996596224,10981.355424337,1332.710919564,18340.966809417005,11228.290939763001,14640.691962810999,7765.00693964,5501.656705085,4276.519708684,5541.3526483880005,3013.6295575930003,5964.482567935001,2353.5867864439997,6978.142868353,2179.333321177,10837.897438581,10184.173806187
2022-12-01,15764.335757878,10629.368183483999,16661.144363784,5574.168258392,7727.137615401999,6549.593057613999,3391.392845742,8495.186197306,10245.578191554,1319.956175588,17707.125286321,10377.150250326002,13345.560633409,9038.312509521002,5304.879659689,4430.116201137,5214.917165612,4173.742112688999,6505.962203238,2443.185574235,3826.890713659,2247.5227183969996,17142.645710864002,10039.125870715001
2023-01-01,18474.002035997,12054.073668509001,18207.737864966995,5695.967171935999,8166.575123181,5873.806088306999,4175.76407049,9044.207249301999,11393.128955824997,1128.909578327,18851.427677321,12432.894562230998,14668.8873236,7812.709446156,5717.091982301,4401.932140451,6167.312736434,3853.793541395,7172.831997468,2858.630514714,-1.0811664479999998,2881.7376319689997,15333.924018145,9578.083818874999
2023-02-01,16876.753474066998,10482.323195211002,18298.506135925003,5266.6413869319995,7261.154021228,5256.877847828,3644.1112685569997,8439.418037853999,10231.922796233,748.963467362,17551.666214458,11377.056106288,13478.242762201,8286.968396609998,5264.98015509,4105.370793551,6377.839524596,3623.8900669000004,5617.626623224,2581.474141102,2.8048615939999997,2710.2386781699997,7705.493391419999,8017.16262214
2023-03-01,18553.496613621,13022.438930128,20831.918368458,5979.036546136,7404.27419357,5742.06019679,3627.428613277,9963.273931233,11943.376805656,989.91417119,18137.777404552,12227.634943147,13924.937738881,8910.183270407999,5697.1398186490005,4509.472285772001,8694.144024432,3902.202226479,5490.71925195,2847.911077362,2.067023753,2900.350289597,3349.372972093,8077.301611697001
2023-04-01,16055.218685684002,10107.1244186,19794.634861618,5198.492874189999,6691.771179196,5452.295467432,3620.060581962,8907.048166769,11148.311654033001,892.6760155540001,15910.000595837999,11161.63985203,12553.455783012001,11333.367921288,5184.302506193,4584.232633256,5563.120529109001,3359.04178495,7118.170453888,2627.5894902389996,1.46446457,2410.57832994,2141.617935801,7319.949410522
2023-05-01,15084.404857784,9723.128125271,17868.323281898,5305.868255474001,6443.05523217,5435.3154759320005,3372.4338051619998,9537.020983830002,10720.048162886998,960.32581974,14097.927225744,12701.00825863,12322.145537958,17459.098227813,5112.1671473900005,4466.621455303,7433.092184683999,3016.4740064379994,6601.542738762,2459.5443824920003,0.5164806659999999,2153.174225754,2163.446719992,6309.8543559909995
2023-06-01,12888.113402762,9261.228778480001,14795.518561544,4678.924663793001,6193.4883108,5367.122051593,3487.4399625280003,8282.533884098,10150.596488320001,720.8006044210001,12814.678244457,11650.945861718,10449.487264914,12241.68132032,4323.109462551,4309.0183550090005,4598.529086889,3043.9936060610003,6565.476205295,2379.519783804,2.470336085,1943.140888702,1705.438833395,5361.95463476
2023-07-01,12788.363999692,8613.674376899,14539.10545852,4914.596910912,6222.483855044,5431.039591781,3550.353132765,8495.100421764,10164.904891335,815.565089644,13917.215593077,12620.933144709,11558.092569885,11393.562109993,4571.899198321999,4474.08706191,5535.716319143,3521.364893004,7231.661987299001,2569.4495599350003,3.2139036759999997,2246.2506668759997,2019.801726151,5808.856095731001
2023-08-01,13144.541816177,9268.110054321,14338.687647332,5355.467942273999,6072.7190613660005,5133.354681489,3237.2319690000004,8586.995848622999,9701.372300197998,673.0874144430001,14705.266542619,11883.192420083002,11699.228028963,7874.332145104,4423.673574542,4050.653475579,5031.3288343799995,3142.397634608,5903.201877048999,2318.711852406,162.926292189,1978.7948023019999,3898.491366571,6241.214269026999
2023-09-01,11821.521695135,8285.873436738,12108.309322420999,4586.636967953,5592.021350964,4555.784280783999,3153.7679797289998,7510.530881148001,8647.818716135002,618.305295839,13578.478555018999,10492.520719882,9845.686523589,5960.85919562,3700.739901732,3745.5432918779998,4118.406300253,3031.3783843650003,5744.99699462,2201.7652158729998,375.684396325,1835.151088683,6691.767882697,7137.879257364
2023-10-01,15238.787143143,9884.424602688998,14941.292031078,5891.706031545001,6883.656302182,5207.7133182239995,3500.802994224,10211.308445179,10116.492375372001,887.2970837529999,17301.171774304,11891.86450897,12849.437931589002,9120.630791582,4619.878130464,3998.7616595819995,7137.098606604,3101.183137364,6439.457150773001,2455.3178389189998,1146.3109632319997,2200.662251468,9151.123771103,11038.415153852
2023-11-01,14983.425452268,10391.909450461,14857.000803916,6042.76820969,6569.719390540001,5304.553569362999,3133.6166944720003,8378.947145635999,9842.988171418,781.647527621,17790.347886669,10451.141135114,12048.244924625,6981.121345843,4696.386433373,3553.2927232399998,4918.935537501,2819.123973375,5814.509095303,2208.918295563,6887.451957686,1967.3169196270003,8025.535665587,9288.976814231
2023-12-01,13960.42903823,9581.447783878,13696.823867749,5262.500560513,6630.6601542769995,5623.839649645999,3427.503761607,7831.773559536,9226.579851754,780.344472635,17591.471197208,9516.218741446,10348.057082393001,7514.806611277001,4361.0810720770005,3743.455545483,4575.140691839,3887.8241232849996,6521.624831294999,2407.7960923970004,2822.995836116,2175.67120186,14193.844245797998,10102.725390151
2024-01-01,16364.275699505,10956.300701916001,15460.502533247,6171.173286662999,7556.815006602,5298.379806440999,4084.756146178,8262.095372693,10729.767226560001,679.2856736309999,18963.479434544995,11381.595994522,12264.145928774999,9260.639283584,4874.35845638,3678.620450687,5230.722571038,3412.240281766,6704.747848402,2799.883101581,3.407648775,2839.457085348,13541.740251058998,9734.392840337
2024-02-01,15738.419990785,10258.197296518,15679.081195037,6075.313076714001,7015.218709567,5074.004609242001,3947.504342691,8812.656599511998,10668.253303004001,699.8099886450001,18197.242574679,11024.721556315,11570.548525119,7746.260409608,5115.935145742,3704.8597869620003,6023.3824278229995,3454.7182393620005,6638.799643045999,2889.423526522,2.5684231229999996,2755.472283385,8071.142261633,8399.515057901
2024-03-01,17041.950904028996,11130.592572209,17383.777398442,6078.039123567,6930.496797217,5374.118891833999,3991.329694519,9947.128034378,11491.551867212,845.971641699,18119.421004237,12609.517997308,11887.446158249999,9455.356320005001,5354.635611544,4203.261119352999,7596.144437169999,4198.940035313,7238.062184821,3156.876682767,1.2252422760000001,3042.4578921439997,3622.1052310170003,8317.036124042
2024-04-01,16293.021231996,12388.828453446999,18736.436140483,5950.751555381,6329.911475133,5205.433987417,3661.3044495810004,9162.47972998,10847.964476213,766.015654815,16153.338791989,11755.587541986,11298.919627496001,11590.897390954999,5186.856448412999,4038.253678084,5913.387046248,3306.059974007,6350.674152966,2701.85802111,2.256879609,2278.335762393,2220.850259404,6791.668882979
2024-05-01,13794.090582138999,10476.582200415,17239.785126885,5551.613022796,6260.503799261999,5483.632848706,3813.0071145660004,8349.373792624001,10816.718672411998,741.1762368330001,13796.973648522,12437.752875892002,9591.786064275999,19262.534649923,4584.352764249001,4267.528253741,5195.143847324,3294.4589640269996,6720.0696465169995,2628.965120193,1.914458266,1971.134183741,1720.892404744,5672.979394496
2024-06-01,11562.626731665,9150.362366626001,14927.55439952,4469.887771899999,6419.645954702,5399.0495225429995,4005.9997390629997,10662.613317976999,10752.084005965999,840.758570874,13527.348292213997,13412.692867572,10586.248008466999,17405.283302357,4424.471838516,4615.2260037470005,8250.930958212,3624.656191511,7072.069687601999,2798.38107437,4.435684534,2127.976054681,2593.886200753,6221.612316663
2024-07-01,14010.65701797,10486.742554768001,14822.020713753001,5915.6710497779995,6715.660644362,5288.162900454,3655.0442338749995,8320.110315957,10448.46213258,606.911265803,14370.922000244,13074.504178205,10091.453757665,12232.309248575,4397.1493295089995,4155.546972548999,5786.416663587001,3774.236080444,6224.26679199,2726.717320141,10.829623461999999,2057.6853997539997,2133.824626061,5750.478159054001
2024-08-01,13713.899325112,10873.621777049,15051.948653776,5830.415995566001,6531.509000359,5679.265419317999,3606.402740393,11003.768383130999,10330.630642673,759.271608029,14906.396788922,12195.159832556,10941.636226119,8326.157560226,4281.1303597940005,4249.260098453,6149.144235824,3863.51055691,6009.320544824,2743.506671126,118.872555022,2111.541329041,4567.710948991,6736.686231111
